﻿<?xml version="1.0" encoding="UTF-8"?>
<World name="Nivel_2" description="Nivel de pruebas numero 2">
	<Scene>     
		<WALL x="0" y= "5"/>   <WALL         x="1" y= "5"/>   <WALL       x="2" y= "5"/>   <WALL       x="3" y= "5"/>   <WALL 	    x="4" y= "5"/>   <WALL x="5" y= "5"/>
		<WALL x="0" y= "4"/>   <SMALL_PILL   x="1" y= "4"/>   <SMALL_PILL x="2" y= "4"/>   <SMALL_PILL x="3" y= "4"/>   <SMALL_PILL x="4" y= "4"/>   <WALL x="5" y= "4"/>
		<WALL x="0" y= "3"/>   <SMALL_PILL   x="1" y= "3"/>   <WALL       x="2" y= "3"/>   <WALL       x="3" y= "3"/>   <SMALL_PILL x="4" y= "3"/>   <WALL x="5" y= "3"/>
		<WALL x="0" y= "2"/>   <SMALL_PILL   x="1" y= "2"/>   <WALL       x="2" y= "2"/>   <WALL       x="3" y= "2"/>   <SMALL_PILL x="4" y= "2"/>   <WALL x="5" y= "2"/>
		<WALL x="0" y= "1"/>   <PACMAN_START x="1" y= "1"/>   <SMALL_PILL x="2" y= "1"/>   <SMALL_PILL x="3" y= "1"/>   <SMALL_PILL x="4" y= "1"/>   <WALL x="5" y= "1"/>
		<WALL x="0" y= "0"/>   <WALL         x="1" y= "0"/>   <WALL       x="2" y= "0"/>   <WALL       x="3" y= "0"/>   <WALL       x="4" y= "0"/>   <WALL x="5" y= "0"/>
	</Scene>
</World>