<?xml version="1.0" encoding="UTF-8"?>
<World  name="Blocktown" smallPNG="smallImage.png" bigPNG="bigImage.png" description="Primer nivel sobre un escenario de lego" difficulty="EASY">
	<Scene>     

		<WALL x="0" y= "17"/>   <WALL       x="1" y= "17"/>   <WALL       x="2" y= "17"/>   <WALL       x="3" y= "17"/>   <WALL       x="4" y= "17"/>   <WALL         x="5" y= "17"/>   <WALL         x="6"  y="17"/>   <WALL       x="7"  y="17"/>   <WALL       x="8" y= "17"/>   <WALL       x="9"  y= "17"/>   <WALL       x="10" y="17"/>   <WALL       x="11" y="17"/>   <WALL x="12" y="17"/>
		<WALL x="0" y= "16"/>   <SMALL_PILL x="1" y= "16"/>   <SMALL_PILL x="2" y= "16"/>   <SMALL_PILL x="3" y= "16"/>   <SMALL_PILL x="4" y= "16"/>   <SMALL_PILL   x="5" y= "16"/>   <SMALL_PILL   x="6"  y="16"/>   <SMALL_PILL x="7"  y="16"/>   <SMALL_PILL x="8" y= "16"/>   <SMALL_PILL x="9"  y= "16"/>   <SMALL_PILL x="10" y="16"/>   <SMALL_PILL x="11" y="16"/>   <WALL x="12" y="16"/>		
		<WALL x="0" y= "15"/>   <SMALL_PILL x="1" y= "15"/>   <WALL       x="2" y= "15"/>   <WALL       x="3" y= "15"/>   <SMALL_PILL x="4" y= "15"/>   <WALL         x="5" y= "15"/>   <SMALL_PILL   x="6"  y="15"/>   <WALL       x="7"  y="15"/>   <SMALL_PILL x="8" y= "15"/>   <WALL       x="9"  y= "15"/>   <WALL       x="10" y="15"/>   <SMALL_PILL x="11" y="15"/>   <WALL x="12" y="15"/>
		<WALL x="0" y= "14"/>   <SMALL_PILL x="1" y= "14"/>   <WALL       x="2" y= "14"/>   <WALL       x="3" y= "14"/>   <SMALL_PILL x="4" y= "14"/>   <WALL         x="5" y= "14"/>   <SMALL_PILL   x="6"  y="14"/>   <WALL       x="7"  y="14"/>   <SMALL_PILL x="8" y= "14"/>   <WALL       x="9"  y= "14"/>   <WALL       x="10" y="14"/>   <SMALL_PILL x="11" y="14"/>   <WALL x="12" y="14"/>		
		<WALL x="0" y= "13"/>   <SMALL_PILL x="1" y= "13"/>   <WALL       x="2" y= "13"/>   <WALL       x="3" y= "13"/>   <SMALL_PILL x="4" y= "13"/>   <SMALL_PILL   x="5" y= "13"/>   <SMALL_PILL   x="6"  y="13"/>   <SMALL_PILL x="7"  y="13"/>   <SMALL_PILL x="8" y= "13"/>   <WALL       x="9"  y= "13"/>   <WALL       x="10" y="13"/>   <SMALL_PILL x="11" y="13"/>   <WALL x="12" y="13"/>		
		<WALL x="0" y= "12"/>   <SMALL_PILL x="1" y= "12"/>   <SMALL_PILL x="2" y= "12"/>   <SMALL_PILL x="3" y= "12"/>   <SMALL_PILL x="4" y= "12"/>   <WALL         x="5" y= "12"/>   <WALL         x="6"  y="12"/>   <WALL       x="7"  y="12"/>   <SMALL_PILL x="8" y= "12"/>   <SMALL_PILL x="9"  y= "12"/>   <SMALL_PILL x="10" y="12"/>   <SMALL_PILL x="11" y="12"/>   <WALL x="12" y="12"/>	
		<WALL x="0" y= "11"/>   <WALL       x="1" y= "11"/>   <SMALL_PILL x="2" y= "11"/>   <WALL       x="3" y= "11"/>   <SMALL_PILL x="4" y= "11"/>   <WALL         x="5" y= "11"/>   <WALL         x="6"  y="11"/>   <WALL       x="7"  y="11"/>   <SMALL_PILL x="8" y= "11"/>   <WALL       x="9"  y= "11"/>   <SMALL_PILL x="10" y="11"/>   <WALL       x="11" y="11"/>   <WALL x="12" y="11"/>				
		<WALL x="0" y= "10"/>   <WALL       x="1" y= "10"/>   <SMALL_PILL x="2" y= "10"/>   <WALL       x="3" y= "10"/>   <SMALL_PILL x="4" y= "10"/>   <WALL         x="5" y= "10"/>   <WALL         x="6"  y="10"/>   <WALL       x="7"  y="10"/>   <SMALL_PILL x="8" y= "10"/>   <WALL       x="9"  y= "10"/>   <SMALL_PILL x="10" y="10"/>   <WALL       x="11" y="10"/>   <WALL x="12" y="10"/>				
		<WALL x="0" y=  "9"/>   <SMALL_PILL x="1" y=  "9"/>   <SMALL_PILL x="2" y=  "9"/>   <SMALL_PILL x="3" y=  "9"/>   <SMALL_PILL x="4" y=  "9"/>   <SMALL_PILL   x="5" y=  "9"/>   <SMALL_PILL   x="6"  y= "9"/>   <SMALL_PILL x="7"  y= "9"/>   <SMALL_PILL x="8" y=  "9"/>   <SMALL_PILL x="9"  y=  "9"/>   <SMALL_PILL x="10" y= "9"/>   <SMALL_PILL x="11" y= "9"/>   <WALL x="12" y= "9"/>				
		<WALL x="0" y=  "8"/>   <SMALL_PILL x="1" y=  "8"/>   <WALL       x="2" y=  "8"/>   <WALL       x="3" y=  "8"/>   <SMALL_PILL x="4" y=  "8"/>   <WALL         x="5" y=  "8"/>   <SMALL_PILL   x="6"  y= "8"/>   <WALL       x="7"  y= "8"/>   <SMALL_PILL x="8" y=  "8"/>   <WALL       x="9"  y=  "8"/>   <WALL       x="10" y= "8"/>   <SMALL_PILL x="11" y= "8"/>   <WALL x="12" y= "8"/>		
		<WALL x="0" y=  "7"/>   <SMALL_PILL x="1" y=  "7"/>   <WALL       x="2" y=  "7"/>   <SMALL_PILL x="3" y=  "7"/>   <SMALL_PILL x="4" y=  "7"/>   <WALL         x="5" y=  "7"/>   <SMALL_PILL   x="6"  y= "7"/>   <WALL       x="7"  y= "7"/>   <SMALL_PILL x="8" y=  "7"/>   <SMALL_PILL x="9"  y=  "7"/>   <WALL       x="10" y= "7"/>   <SMALL_PILL x="11" y= "7"/>   <WALL x="12" y= "7"/>		
		<WALL x="0" y=  "6"/>   <SMALL_PILL x="1" y=  "6"/>   <WALL       x="2" y=  "6"/>   <SMALL_PILL x="3" y=  "6"/>   <WALL       x="4" y=  "6"/>   <WALL         x="5" y=  "6"/>   <SMALL_PILL   x="6"  y= "6"/>   <WALL       x="7"  y= "6"/>   <WALL       x="8" y=  "6"/>   <SMALL_PILL x="9"  y=  "6"/>   <WALL       x="10" y= "6"/>   <SMALL_PILL x="11" y= "6"/>   <WALL x="12" y= "6"/>		
		<WALL x="0" y=  "5"/>   <SMALL_PILL x="1" y=  "5"/>   <SMALL_PILL x="2" y=  "5"/>   <SMALL_PILL x="3" y=  "5"/>   <SMALL_PILL x="4" y=  "5"/>   <SMALL_PILL   x="5" y=  "5"/>   <PACMAN_START x="6"  y= "5"/>   <SMALL_PILL x="7"  y= "5"/>   <SMALL_PILL x="8" y=  "5"/>   <SMALL_PILL x="9"  y=  "5"/>   <SMALL_PILL x="10" y= "5"/>   <SMALL_PILL x="11" y= "5"/>   <WALL x="12" y= "5"/>		
		<WALL x="0" y=  "4"/>   <SMALL_PILL x="1" y=  "4"/>   <WALL       x="2" y=  "4"/>   <WALL       x="3" y=  "4"/>   <SMALL_PILL x="4" y=  "4"/>   <WALL         x="5" y=  "4"/>   <SMALL_PILL   x="6"  y= "4"/>   <WALL       x="7"  y= "4"/>   <SMALL_PILL x="8" y=  "4"/>   <WALL       x="9"  y=  "4"/>   <WALL       x="10" y= "4"/>   <SMALL_PILL x="11" y= "4"/>   <WALL x="12" y= "4"/>
		<WALL x="0" y=  "3"/>   <SMALL_PILL x="1" y=  "3"/>   <WALL       x="2" y=  "3"/>   <WALL       x="3" y=  "3"/>   <SMALL_PILL x="4" y=  "3"/>   <WALL         x="5" y=  "3"/>   <SMALL_PILL   x="6"  y= "3"/>   <WALL       x="7"  y= "3"/>   <SMALL_PILL x="8" y=  "3"/>   <WALL       x="9"  y=  "3"/>   <WALL       x="10" y= "3"/>   <SMALL_PILL x="11" y= "3"/>   <WALL x="12" y= "3"/>	
		<WALL x="0" y=  "2"/>   <SMALL_PILL x="1" y=  "2"/>   <WALL       x="2" y=  "2"/>   <WALL       x="3" y=  "2"/>   <SMALL_PILL x="4" y=  "2"/>   <SMALL_PILL   x="5" y=  "2"/>   <SMALL_PILL   x="6"  y= "2"/>   <SMALL_PILL x="7"  y= "2"/>   <SMALL_PILL x="8" y=  "2"/>   <WALL       x="9"  y=  "2"/>   <WALL       x="10" y= "2"/>   <SMALL_PILL x="11" y= "2"/>   <WALL x="12" y= "2"/>		
		<WALL x="0" y=  "1"/>   <SMALL_PILL x="1" y=  "1"/>   <SMALL_PILL x="2" y=  "1"/>   <SMALL_PILL x="3" y=  "1"/>   <SMALL_PILL x="4" y=  "1"/>   <WALL         x="5" y=  "1"/>   <WALL         x="6"  y= "1"/>   <WALL       x="7"  y= "1"/>   <SMALL_PILL x="8" y=  "1"/>   <SMALL_PILL x="9"  y=  "1"/>   <SMALL_PILL x="10" y= "1"/>   <SMALL_PILL x="11" y= "1"/>   <WALL x="12" y= "1"/>		
		<WALL x="0" y=  "0"/>   <WALL       x="1" y=  "0"/>   <WALL       x="2" y=  "0"/>   <WALL       x="3" y=  "0"/>   <WALL       x="4" y=  "0"/>   <WALL         x="5" y=  "0"/>   <WALL         x="6"  y= "0"/>   <WALL       x="7"  y= "0"/>   <WALL       x="8" y=  "0"/>   <WALL       x="9"  y=  "0"/>   <WALL       x="10" y= "0"/>   <WALL       x="11" y= "0"/>   <WALL x="12" y= "0"/>
	</Scene>
	<Ghost x="6"  y="13" mesh="RedGhost"   speed="17" ia="0"/>
	<Ghost x="6"  y="13" mesh="PinkGhost"  speed="15" ia="0"/>

</World>